[
  {
    "id": "10000163",
    "name": "Health Sciences University",
    "legal_name": "Health Sciences University",
    "url": "www.aecc.ac.uk",
    "country": "XF"
  },
  {
    "id": "10000216",
    "name": "All Nations Christian College",
    "legal_name": "All Nations Christian College Limited",
    "url": "www.allnations.ac.uk",
    "country": "XF"
  },
  {
    "id": "10000291",
    "name": "Anglia Ruskin University",
    "legal_name": "Anglia Ruskin University",
    "url": "www.anglia.ac.uk",
    "country": "XF"
  },
  {
    "id": "10000381",
    "name": "Arts Educational Schools",
    "legal_name": "Arts Educational Schools(The)",
    "url": "https://artsed.co.uk",
    "country": "XF"
  },
  {
    "id": "10000385",
    "name": "The Arts University Bournemouth",
    "legal_name": "Arts University Bournemouth, the",
    "url": "www.aub.ac.uk",
    "country": "XF"
  },
  {
    "id": "10000415",
    "name": "Askham Bryan College",
    "legal_name": "Askham Bryan College",
    "url": "www.askham-bryan.ac.uk",
    "country": "XF"
  },
  {
    "id": "10007146",
    "name": "Barking and Dagenham College",
    "legal_name": "Barking and Dagenham College",
    "url": "www.barkingdagenhamcollege.ac.uk",
    "country": "XF"
  },
  {
    "id": "10000533",
    "name": "Barnet & Southgate College",
    "legal_name": "Barnet & Southgate College",
    "url": "www.barnetsouthgate.ac.uk",
    "country": "XF"
  },
  {
    "id": "10000536",
    "name": "Barnsley College",
    "legal_name": "Barnsley College",
    "url": "www.barnsley.ac.uk",
    "country": "XF"
  },
  {
    "id": "10007802",
    "name": "Basingstoke College of Technology",
    "legal_name": "Basingstoke College of Technology",
    "url": "www.bcot.ac.uk",
    "country": "XF"
  },
  {
    "id": "10000571",
    "name": "Bath Spa University",
    "legal_name": "Bath Spa University",
    "url": "www.bathspa.ac.uk",
    "country": "XF"
  },
  {
    "id": "10000712",
    "name": "University College Birmingham",
    "legal_name": "University College Birmingham",
    "url": "www.ucb.ac.uk",
    "country": "XF"
  },
  {
    "id": "10000720",
    "name": "Bishop Auckland College",
    "legal_name": "Bishop Auckland College",
    "url": "www.bacoll.ac.uk",
    "country": "XF"
  },
  {
    "id": "10000721",
    "name": "Bishop Burton College",
    "legal_name": "Bishop Burton College",
    "url": "www.bishopburton.ac.uk",
    "country": "XF"
  },
  {
    "id": "10000747",
    "name": "Blackburn College",
    "legal_name": "Blackburn College",
    "url": "www.blackburn.ac.uk",
    "country": "XF"
  },
  {
    "id": "10000754",
    "name": "Blackpool and the Fylde College",
    "legal_name": "Blackpool and the Fylde College",
    "url": "www.blackpool.ac.uk",
    "country": "XF"
  },
  {
    "id": "10006841",
    "name": "Bolton College",
    "legal_name": "Bolton College",
    "url": "www.boltoncollege.ac.uk",
    "country": "XF"
  },
  {
    "id": "10000812",
    "name": "Boston College",
    "legal_name": "Boston College",
    "url": "www.boston.ac.uk",
    "country": "XF"
  },
  {
    "id": "10000824",
    "name": "Bournemouth University",
    "legal_name": "Bournemouth University",
    "url": "www.bournemouth.ac.uk",
    "country": "XF"
  },
  {
    "id": "10000840",
    "name": "Bradford College",
    "legal_name": "Bradford College",
    "url": "www.bradfordcollege.ac.uk",
    "country": "XF"
  },
  {
    "id": "10003863",
    "name": "Bradford College",
    "legal_name": "Bradford College",
    "url": "www.bradfordcollege.ac.uk",
    "country": "XF"
  },
  {
    "id": "10000878",
    "name": "University Centre Somerset College Group",
    "legal_name": "University Centre Somerset College Group",
    "url": "www.bridgwater.ac.uk",
    "country": "XF"
  },
  {
    "id": "10000886",
    "name": "University of Brighton",
    "legal_name": "University of Brighton",
    "url": "www.brighton.ac.uk",
    "country": "XF"
  },
  {
    "id": "10000894",
    "name": "Bristol Baptist College",
    "legal_name": "Bristol Baptist College",
    "url": "www.bristol-baptist.ac.uk",
    "country": "XF"
  },
  {
    "id": "10000944",
    "name": "Brockenhurst College",
    "legal_name": "Brockenhurst College",
    "url": "www.brock.ac.uk",
    "country": "XF"
  },
  {
    "id": "10000948",
    "name": "London South East Colleges",
    "legal_name": "London South East Colleges",
    "url": "www.lsec.ac.uk",
    "country": "XF"
  },
  {
    "id": "10000950",
    "name": "Brooklands Technical College",
    "legal_name": "Brooklands College",
    "url": "www.brooklands.ac.uk",
    "country": "XF"
  },
  {
    "id": "10000961",
    "name": "Brunel University of London",
    "legal_name": "Brunel University London",
    "url": "www.brunel.ac.uk",
    "country": "XF"
  },
  {
    "id": "10000975",
    "name": "Buckinghamshire New University",
    "legal_name": "Buckinghamshire New University",
    "url": "www.bucks.ac.uk",
    "country": "XF"
  },
  {
    "id": "10001000",
    "name": "Burnley College",
    "legal_name": "Burnley College",
    "url": "www.burnley.ac.uk",
    "country": "XF"
  },
  {
    "id": "10001004",
    "name": "Burton and South Derbyshire College",
    "legal_name": "Burton and South Derbyshire College",
    "url": "www.bsdc.ac.uk",
    "country": "XF"
  },
  {
    "id": "10006299",
    "name": "Burton and South Derbyshire College",
    "legal_name": "Burton and South Derbyshire College",
    "url": "www.bsdc.ac.uk",
    "country": "XF"
  },
  {
    "id": "10001005",
    "name": "Bury College",
    "legal_name": "Bury College",
    "url": "www.burycollege.ac.uk",
    "country": "XF"
  },
  {
    "id": "10001093",
    "name": "Calderdale College",
    "legal_name": "Calderdale College",
    "url": "www.calderdale.ac.uk",
    "country": "XF"
  },
  {
    "id": "10001143",
    "name": "Canterbury Christ Church University",
    "legal_name": "Canterbury Christ Church University",
    "url": "www.canterbury.ac.uk",
    "country": "XF"
  },
  {
    "id": "10005545",
    "name": "Capel Manor College",
    "legal_name": "Capel Manor College",
    "url": "www.capel.ac.uk",
    "country": "XF"
  },
  {
    "id": "10001165",
    "name": "Cardinal Newman College",
    "legal_name": "Cardinal Newman College",
    "url": "www.cardinalnewman.ac.uk",
    "country": "XF"
  },
  {
    "id": "10007768",
    "name": "Cardinal Newman College",
    "legal_name": "Cardinal Newman College",
    "url": "www.cardinalnewman.ac.uk",
    "country": "XF"
  },
  {
    "id": "10001264",
    "name": "Central School of Ballet Charitable Trust Limited(The)",
    "legal_name": "Central School of Ballet Charitable Trust Limited(The)",
    "url": "www.centralschoolofballet.co.uk",
    "country": "XF"
  },
  {
    "id": "10001282",
    "name": "University of Northumbria at Newcastle",
    "legal_name": "University of Northumbria at Newcastle",
    "url": "www.northumbria.ac.uk",
    "country": "XF"
  },
  {
    "id": "10001378",
    "name": "Chesterfield College",
    "legal_name": "Chesterfield College",
    "url": "www.chesterfield.ac.uk",
    "country": "XF"
  },
  {
    "id": "10001386",
    "name": "Chicken Shed Theatre Company",
    "legal_name": "The Chicken Shed theatre Trust",
    "url": "www.chickenshed.org.uk",
    "country": "XF"
  },
  {
    "id": "10001444",
    "name": "National Centre for Circus Arts",
    "legal_name": "National Centre for Circus Arts",
    "url": "nationalcircus.org.uk",
    "country": "XF"
  },
  {
    "id": "10001465",
    "name": "Bath College",
    "legal_name": "Bath College",
    "url": "www.bathcollege.ac.uk",
    "country": "XF"
  },
  {
    "id": "10001467",
    "name": "City of Bristol College",
    "legal_name": "City of Bristol College",
    "url": "www.cityofbristol.ac.uk",
    "country": "XF"
  },
  {
    "id": "10001475",
    "name": "City of Sunderland College",
    "legal_name": "City of Sunderland College",
    "url": "www.sunderlandcollege.ac.uk/",
    "country": "XF"
  },
  {
    "id": "10001478",
    "name": "City St George's, University of London",
    "legal_name": "City St George's, University of London",
    "url": "www.city.ac.uk",
    "country": "XF"
  },
  {
    "id": "10001503",
    "name": "The Northern School of Art",
    "legal_name": "The Northern School of Art",
    "url": "http://northernart.ac.uk",
    "country": "XF"
  },
  {
    "id": "10001535",
    "name": "Colchester Institute",
    "legal_name": "Colchester Institute",
    "url": "www.colchester.ac.uk",
    "country": "XF"
  },
  {
    "id": "10001546",
    "name": "College of Integrated Chinese Medicine",
    "legal_name": "The College of Integrated Chinese Medicine",
    "url": "www.acupuncturecollege.org.uk",
    "country": "XF"
  },
  {
    "id": "10001696",
    "name": "Cornwall College",
    "legal_name": "Cornwall College",
    "url": "www.cornwall.ac.uk",
    "country": "XF"
  },
  {
    "id": "10001726",
    "name": "Coventry University",
    "legal_name": "Coventry University",
    "url": "www.coventry.ac.uk",
    "country": "XF"
  },
  {
    "id": "10001743",
    "name": "Craven College",
    "legal_name": "Craven College",
    "url": "www.craven-college.ac.uk",
    "country": "XF"
  },
  {
    "id": "10007843",
    "name": "Croydon College",
    "legal_name": "Croydon College",
    "url": "www.croydon.ac.uk",
    "country": "XF"
  },
  {
    "id": "10007161",
    "name": "Darlington College",
    "legal_name": "Darlington College",
    "url": "www.darlington.ac.uk",
    "country": "XF"
  },
  {
    "id": "10001883",
    "name": "De Montfort University",
    "legal_name": "De Montfort University",
    "url": "www.dmu.ac.uk",
    "country": "XF"
  },
  {
    "id": "10001919",
    "name": "Derby College Group",
    "legal_name": "Dcg",
    "url": "www.derby-college.ac.uk",
    "country": "XF"
  },
  {
    "id": "10006566",
    "name": "Drama Studio London Limited",
    "legal_name": "Drama Studio London Limited",
    "url": "www.dramastudiolondon.co.uk",
    "country": "XF"
  },
  {
    "id": "10002094",
    "name": "West London College",
    "legal_name": "Ealing, Hammersmith & West London College",
    "url": "www.wlc.ac.uk",
    "country": "XF"
  },
  {
    "id": "10002107",
    "name": "The Windsor Forest Colleges Group",
    "legal_name": "The Windsor Forest Colleges Group",
    "url": "",
    "country": "XF"
  },
  {
    "id": "10007159",
    "name": "East Durham College",
    "legal_name": "East Durham College",
    "url": "www.eastdurham.ac.uk",
    "country": "XF"
  },
  {
    "id": "10002130",
    "name": "Orbital South Colleges",
    "legal_name": "East Surrey College",
    "url": "www.esc.ac.uk",
    "country": "XF"
  },
  {
    "id": "10002313",
    "name": "ESCP - EAP European School Of Management",
    "legal_name": "Escp Europe-Business School",
    "url": "www.escpeurope.eu",
    "country": "XF"
  },
  {
    "id": "10002370",
    "name": "Exeter College",
    "legal_name": "Exeter College",
    "url": "www.exe-coll.ac.uk",
    "country": "XF"
  },
  {
    "id": "10002412",
    "name": "Farnborough College of Technology",
    "legal_name": "Farnborough College of Technology",
    "url": "www.farn-ct.ac.uk",
    "country": "XF"
  },
  {
    "id": "10002599",
    "name": "Furness College",
    "legal_name": "Furness College",
    "url": "www.furness.ac.uk",
    "country": "XF"
  },
  {
    "id": "10002681",
    "name": "Glasgow School of Art.",
    "legal_name": "Glasgow School of Art.",
    "url": "www.gsa.ac.uk",
    "country": "XH"
  },
  {
    "id": "10002696",
    "name": "Gloucestershire College",
    "legal_name": "Gloucestershire College",
    "url": "www.gloscol.ac.uk",
    "country": "XF"
  },
  {
    "id": "10002718",
    "name": "Goldsmiths, University of London",
    "legal_name": "Goldsmiths' College",
    "url": "www.gold.ac.uk",
    "country": "XF"
  },
  {
    "id": "10002743",
    "name": "Grantham College",
    "legal_name": "Grantham College",
    "url": "www.grantham.ac.uk",
    "country": "XF"
  },
  {
    "id": "10002852",
    "name": "Halesowen College",
    "legal_name": "Halesowen College",
    "url": "www.halesowen.ac.uk",
    "country": "XF"
  },
  {
    "id": "10007139",
    "name": "Halesowen College",
    "legal_name": "Halesowen College",
    "url": "www.halesowen.ac.uk",
    "country": "XF"
  },
  {
    "id": "10002863",
    "name": "Riverside College Halton",
    "legal_name": "Riverside College",
    "url": "www.riverside.ac.uk",
    "country": "XF"
  },
  {
    "id": "10002923",
    "name": "EAST SUSSEX COLLEGE",
    "legal_name": "East Sussex College Group",
    "url": "www.escg.ac.uk",
    "country": "XF"
  },
  {
    "id": "10003010",
    "name": "Coventry College",
    "legal_name": "Coventry College",
    "url": "",
    "country": "XF"
  },
  {
    "id": "10003022",
    "name": "Hereford College of Arts",
    "legal_name": "Hereford College of Arts",
    "url": "www.hca.ac.uk",
    "country": "XF"
  },
  {
    "id": "10003023",
    "name": "Herefordshire, Ludlow, and North Shropshire College",
    "legal_name": "Herefordshire, Ludlow, and North Shropshire College",
    "url": "https://hlnsc.ac.uk/",
    "country": "XF"
  },
  {
    "id": "10003035",
    "name": "Hertford Regional College",
    "legal_name": "Hertford Regional College",
    "url": "www.hrc.ac.uk",
    "country": "XF"
  },
  {
    "id": "10003128",
    "name": "Holy Cross College",
    "legal_name": "Holy Cross College",
    "url": "www.holycross.ac.uk",
    "country": "XF"
  },
  {
    "id": "10003146",
    "name": "Hopwood Hall College",
    "legal_name": "Hopwood Hall College",
    "url": "www.hopwood.ac.uk",
    "country": "XF"
  },
  {
    "id": "10003193",
    "name": "Hugh Baird College",
    "legal_name": "Hugh Baird College",
    "url": "www.hughbaird.ac.uk",
    "country": "XF"
  },
  {
    "id": "10003200",
    "name": "Hull College Group",
    "legal_name": "Hull College",
    "url": "www.hull-college.ac.uk",
    "country": "XF"
  },
  {
    "id": "10003212",
    "name": "Hult",
    "legal_name": "Hult International Business School Ltd",
    "url": "",
    "country": "XF"
  },
  {
    "id": "10003239",
    "name": "ICON College of Technology & Management",
    "legal_name": "Icon College of Technology and Management Ltd",
    "url": "www.iconcollege.com",
    "country": "XF"
  },
  {
    "id": "10003270",
    "name": "Imperial College London",
    "legal_name": "Imperial College of Science, Technology and Medicine",
    "url": "www.imperial.ac.uk",
    "country": "XF"
  },
  {
    "id": "10003284",
    "name": "Inchbald School of Design",
    "legal_name": "Inchbald School of Design",
    "url": "www.inchbald.co.uk",
    "country": "XF"
  },
  {
    "id": "10007977",
    "name": "The Chartered Institute of Payroll Professionals",
    "legal_name": "Ipp Education Limited",
    "url": "",
    "country": "XF"
  },
  {
    "id": "10003558",
    "name": "Kendal College",
    "legal_name": "Kendal College",
    "url": "www.kendal.ac.uk",
    "country": "XF"
  },
  {
    "id": "10003614",
    "name": "University of Winchester",
    "legal_name": "University of Winchester",
    "url": "www.winchester.ac.uk",
    "country": "XF"
  },
  {
    "id": "10003645",
    "name": "King's College London",
    "legal_name": "King's College London",
    "url": "www.kcl.ac.uk",
    "country": "XF"
  },
  {
    "id": "10003674",
    "name": "South Thames Colleges Group",
    "legal_name": "South Thames Colleges Group",
    "url": "www.stcg.ac.uk",
    "country": "XF"
  },
  {
    "id": "10003678",
    "name": "Kingston University",
    "legal_name": "Kingston University",
    "url": "www.kingston.ac.uk",
    "country": "XF"
  },
  {
    "id": "10003746",
    "name": "Laine Theatre Arts Limited",
    "legal_name": "Laine Theatre Arts Limited",
    "url": "",
    "country": "XF"
  },
  {
    "id": "10003758",
    "name": "London Academy of Music and Dramatic Arts",
    "legal_name": "Lamda Limited",
    "url": "www.lamda.org.uk",
    "country": "XF"
  },
  {
    "id": "10003798",
    "name": "Le Cordon Bleu Limited",
    "legal_name": "Le Cordon Bleu Limited",
    "url": "www.cordonbleu.edu",
    "country": "XF"
  },
  {
    "id": "10003854",
    "name": "Leeds Arts University",
    "legal_name": "Leeds Arts University",
    "url": "www.leeds-art.ac.uk",
    "country": "XF"
  },
  {
    "id": "10003861",
    "name": "Leeds Beckett University",
    "legal_name": "Leeds Beckett University",
    "url": "www.leedsbeckett.ac.uk",
    "country": "XF"
  },
  {
    "id": "10003867",
    "name": "Leicester College",
    "legal_name": "Leicester College",
    "url": "www.leicestercollege.ac.uk",
    "country": "XF"
  },
  {
    "id": "10003928",
    "name": "Lincoln College",
    "legal_name": "Lincoln College",
    "url": "www.lincolncollege.ac.uk",
    "country": "XF"
  },
  {
    "id": "10003945",
    "name": "LIPA",
    "legal_name": "The Liverpool Institute for Performing Arts",
    "url": "www.lipa.ac.uk",
    "country": "XF"
  },
  {
    "id": "10003955",
    "name": "The City of Liverpool College",
    "legal_name": "The City of Liverpool College",
    "url": "www.liv-coll.ac.uk",
    "country": "XF"
  },
  {
    "id": "10003956",
    "name": "Liverpool Hope University",
    "legal_name": "Liverpool Hope University",
    "url": "www.hope.ac.uk",
    "country": "XF"
  },
  {
    "id": "10003957",
    "name": "Liverpool John Moores University",
    "legal_name": "Liverpool John Moores University",
    "url": "www.ljmu.ac.uk",
    "country": "XF"
  },
  {
    "id": "10004028",
    "name": "The Place",
    "legal_name": "Contemporary Dance Trust Limited",
    "url": "",
    "country": "XF"
  },
  {
    "id": "10004035",
    "name": "London Film Academy",
    "legal_name": "The Film Education Training Trust Limited",
    "url": "www.londonfilmacademy.com",
    "country": "XF"
  },
  {
    "id": "10004048",
    "name": "London Metropolitan University",
    "legal_name": "London Metropolitan University",
    "url": "www.londonmet.ac.uk",
    "country": "XF"
  },
  {
    "id": "10004061",
    "name": "Bloomsbury Institute",
    "legal_name": "Bloomsbury Institute Limited",
    "url": "www.bil.ac.uk",
    "country": "XF"
  },
  {
    "id": "10004063",
    "name": "The London School of Economics and Political Science",
    "legal_name": "The London School of Economics and Political Science",
    "url": "www.lse.ac.uk",
    "country": "XF"
  },
  {
    "id": "10004075",
    "name": "London School of Theology",
    "legal_name": "London School of Theology",
    "url": "www.lst.ac.uk",
    "country": "XF"
  },
  {
    "id": "10004078",
    "name": "London South Bank University",
    "legal_name": "London South Bank University",
    "url": "www.lsbu.ac.uk",
    "country": "XF"
  },
  {
    "id": "10004079",
    "name": "London Studio Centre",
    "legal_name": "London Studio Centre Limited",
    "url": "www.londonstudiocentre.org",
    "country": "XF"
  },
  {
    "id": "10004112",
    "name": "Loughborough College",
    "legal_name": "Loughborough College",
    "url": "www.loucoll.ac.uk",
    "country": "XF"
  },
  {
    "id": "10004113",
    "name": "Loughborough University",
    "legal_name": "Loughborough University",
    "url": "www.lboro.ac.uk",
    "country": "XF"
  },
  {
    "id": "10014001",
    "name": "East Coast College",
    "legal_name": "East Coast College",
    "url": "https://www.eastcoast.ac.uk/",
    "country": "XF"
  },
  {
    "id": "10004180",
    "name": "Manchester Metropolitan University",
    "legal_name": "Manchester Metropolitan University",
    "url": "www.mmu.ac.uk",
    "country": "XF"
  },
  {
    "id": "10004320",
    "name": "The Metanoia Institute",
    "legal_name": "The Metanoia Institute",
    "url": "www.metanoia.ac.uk",
    "country": "XF"
  },
  {
    "id": "10004340",
    "name": "MidKent College",
    "legal_name": "Mid-Kent College",
    "url": "www.midkent.ac.uk",
    "country": "XF"
  },
  {
    "id": "10004344",
    "name": "Middlesbrough College",
    "legal_name": "Middlesbrough College",
    "url": "www.mbro.ac.uk",
    "country": "XF"
  },
  {
    "id": "10004351",
    "name": "Middlesex University",
    "legal_name": "Middlesex University",
    "url": "www.mdx.ac.uk",
    "country": "XF"
  },
  {
    "id": "10004432",
    "name": "Morley College",
    "legal_name": "Morley College Limited",
    "url": "www.morleycollege.ac.uk",
    "country": "XF"
  },
  {
    "id": "10004442",
    "name": "Moulton College",
    "legal_name": "Moulton College",
    "url": "www.moulton.ac.uk",
    "country": "XF"
  },
  {
    "id": "10004450",
    "name": "Mountview Academy of Theatre Arts",
    "legal_name": "Mountview Academy of Theatre Arts Limited",
    "url": "www.mountview.org.uk",
    "country": "XF"
  },
  {
    "id": "10004478",
    "name": "Myerscough College",
    "legal_name": "Myerscough College",
    "url": "www.myerscough.ac.uk",
    "country": "XF"
  },
  {
    "id": "10004538",
    "name": "Nazarene Theological College",
    "legal_name": "Nazarene Theological College",
    "url": "www.nazarene.ac.uk",
    "country": "XF"
  },
  {
    "id": "10004552",
    "name": "East Lancashire Learning Group",
    "legal_name": "East Lancashire Learning Group",
    "url": "www.nelsongroup.ac.uk",
    "country": "XF"
  },
  {
    "id": "10004576",
    "name": "New College Durham",
    "legal_name": "New College Durham",
    "url": "www.newcollegedurham.ac.uk",
    "country": "XF"
  },
  {
    "id": "10004577",
    "name": "Nottingham College",
    "legal_name": "Nottingham College",
    "url": "www.nottinghamcollege.ac.uk",
    "country": "XF"
  },
  {
    "id": "10004579",
    "name": "New College Swindon",
    "legal_name": "New College Swindon",
    "url": "www.newcollege.ac.uk",
    "country": "XF"
  },
  {
    "id": "10004596",
    "name": "Newbury College",
    "legal_name": "Newbury College",
    "url": "www.newbury-college.ac.uk",
    "country": "XF"
  },
  {
    "id": "10004599",
    "name": "Newcastle College",
    "legal_name": "Ncg",
    "url": "www.ncgrp.co.uk",
    "country": "XF"
  },
  {
    "id": "10004607",
    "name": "Newham College of Further Education",
    "legal_name": "Newham College of Further Education",
    "url": "www.newham.ac.uk",
    "country": "XF"
  },
  {
    "id": "10004676",
    "name": "Petroc",
    "legal_name": "Petroc",
    "url": "www.petroc.ac.uk",
    "country": "XF"
  },
  {
    "id": "10004686",
    "name": "North East Surrey College of Technology (Nescot)",
    "legal_name": "North East Surrey College of Technology (Nescot)",
    "url": "www.nescot.ac.uk",
    "country": "XF"
  },
  {
    "id": "10004695",
    "name": "Dn Colleges Group",
    "legal_name": "Dn Colleges Group",
    "url": "www.dncolleges.ac.uk",
    "country": "XF"
  },
  {
    "id": "10004718",
    "name": "North Warwickshire and South Leicestershire College",
    "legal_name": "North Warwickshire and South Leicestershire College",
    "url": "www.nwslc.ac.uk",
    "country": "XF"
  },
  {
    "id": "10004740",
    "name": "Northern College of Acupuncture",
    "legal_name": "Northern College of Acupuncture",
    "url": "www.nca.ac.uk",
    "country": "XF"
  },
  {
    "id": "10004747",
    "name": "St Hild College",
    "legal_name": "St Hild College",
    "url": "https://www.sthild.org",
    "country": "XF"
  },
  {
    "id": "10004772",
    "name": "City College Norwich",
    "legal_name": "City College Norwich",
    "url": "www.ccn.ac.uk",
    "country": "XF"
  },
  {
    "id": "10004775",
    "name": "Norwich University of the Arts",
    "legal_name": "Norwich University of the Arts",
    "url": "www.nua.ac.uk",
    "country": "XF"
  },
  {
    "id": "10004797",
    "name": "Nottingham Trent University",
    "legal_name": "Nottingham Trent University",
    "url": "www.ntu.ac.uk",
    "country": "XF"
  },
  {
    "id": "10004835",
    "name": "Oaklands College",
    "legal_name": "Oaklands College",
    "url": "www.oaklands.ac.uk",
    "country": "XF"
  },
  {
    "id": "10007773",
    "name": "Open College of the Arts",
    "legal_name": "Open College of the Arts",
    "url": "www.oca-uk.com",
    "country": "XF"
  },
  {
    "id": "10004927",
    "name": "Activate Learning",
    "legal_name": "Activate Learning",
    "url": "www.activatelearning.ac.uk",
    "country": "XF"
  },
  {
    "id": "10004930",
    "name": "Oxford Brookes University",
    "legal_name": "Oxford Brookes University",
    "url": "www.brookes.ac.uk",
    "country": "XF"
  },
  {
    "id": "10005032",
    "name": "Salford City College",
    "legal_name": "Salford City College",
    "url": "www.salfordcc.ac.uk",
    "country": "XF"
  },
  {
    "id": "10005072",
    "name": "Peter Symonds College",
    "legal_name": "Peter Symonds College",
    "url": "https://psc.ac.uk/ahed",
    "country": "XF"
  },
  {
    "id": "10005124",
    "name": "Plumpton College",
    "legal_name": "Plumpton College",
    "url": "www.plumpton.ac.uk",
    "country": "XF"
  },
  {
    "id": "10005127",
    "name": "Arts University Plymouth",
    "legal_name": "Arts University Plymouth",
    "url": "www.plymouthart.ac.uk",
    "country": "XF"
  },
  {
    "id": "10005128",
    "name": "City College Plymouth",
    "legal_name": "City College Plymouth",
    "url": "www.cityplym.ac.uk",
    "country": "XF"
  },
  {
    "id": "10005200",
    "name": "Preston College",
    "legal_name": "Preston College",
    "url": "www.preston.ac.uk",
    "country": "XF"
  },
  {
    "id": "10005337",
    "name": "Queen Margaret University, Edinburgh",
    "legal_name": "Queen Margaret University, Edinburgh",
    "url": "www.qmu.ac.uk",
    "country": "XH"
  },
  {
    "id": "10005343",
    "name": "Queen's University Belfast",
    "legal_name": "Queen's University of Belfast",
    "url": "www.qub.ac.uk",
    "country": "XG"
  },
  {
    "id": "10005378",
    "name": "Rambert School of Ballet and Contemporary Dance",
    "legal_name": "Rambert School of Ballet and Contemporary Dance",
    "url": "www.rambertschool.org.uk",
    "country": "XF"
  },
  {
    "id": "10005389",
    "name": "Ravensbourne University London",
    "legal_name": "Ravensbourne University London",
    "url": "www.rave.ac.uk",
    "country": "XF"
  },
  {
    "id": "10005404",
    "name": "Reaseheath College",
    "legal_name": "Reaseheath College",
    "url": "www.reaseheath.ac.uk",
    "country": "XF"
  },
  {
    "id": "10005451",
    "name": "Arden University",
    "legal_name": "Arden University Limited",
    "url": "www.arden.ac.uk",
    "country": "XF"
  },
  {
    "id": "10005470",
    "name": "Richmond, The American International University in London",
    "legal_name": "Richmond, the American international University in London, inc.",
    "url": "www.richmond.ac.uk",
    "country": "XF"
  },
  {
    "id": "10005500",
    "name": "Robert Gordon University",
    "legal_name": "Robert Gordon University",
    "url": "www.rgu.ac.uk",
    "country": "XH"
  },
  {
    "id": "10005523",
    "name": "Rose Bruford College of Theatre and Performance",
    "legal_name": "Rose Bruford College of Theatre and Performance",
    "url": "www.bruford.ac.uk",
    "country": "XF"
  },
  {
    "id": "10005534",
    "name": "Rnn Group",
    "legal_name": "Rnn Group",
    "url": "www.rotherham.ac.uk",
    "country": "XF"
  },
  {
    "id": "10005544",
    "name": "Royal Academy of Dance",
    "legal_name": "Royal Academy of Dance",
    "url": "www.rad.org.uk",
    "country": "XF"
  },
  {
    "id": "10005553",
    "name": "Royal Holloway, University of London",
    "legal_name": "Royal Holloway and Bedford New College",
    "url": "www.rhul.ac.uk",
    "country": "XF"
  },
  {
    "id": "10005561",
    "name": "Royal Conservatoire of Scotland",
    "legal_name": "Royal Conservatoire of Scotland",
    "url": "www.rcs.ac.uk",
    "country": "XH"
  },
  {
    "id": "10007166",
    "name": "Sandwell College",
    "legal_name": "Sandwell College",
    "url": "www.sandwell.ac.uk",
    "country": "XF"
  },
  {
    "id": "10005700",
    "name": "Scotland's Rural College",
    "legal_name": "Sruc",
    "url": "www.sruc.ac.uk",
    "country": "XH"
  },
  {
    "id": "10005736",
    "name": "USP College",
    "legal_name": "Unified Seevic Palmer's College",
    "url": "www.uspcollege.ac.uk",
    "country": "XF"
  },
  {
    "id": "10007147",
    "name": "USP College",
    "legal_name": "Unified Seevic Palmer's College",
    "url": "www.uspcollege.ac.uk",
    "country": "XF"
  },
  {
    "id": "10005788",
    "name": "Sheffield College, the",
    "legal_name": "Sheffield College, the",
    "url": "www.sheffcol.ac.uk",
    "country": "XF"
  },
  {
    "id": "10005790",
    "name": "Sheffield Hallam University",
    "legal_name": "Sheffield Hallam University",
    "url": "www.shu.ac.uk",
    "country": "XF"
  },
  {
    "id": "10005822",
    "name": "Shrewsbury College",
    "legal_name": "Shrewsbury College",
    "url": "www.shrewsbury.ac.uk",
    "country": "XF"
  },
  {
    "id": "10005946",
    "name": "Solihull College and University Centre",
    "legal_name": "Solihull College and University Centre",
    "url": "www.solihull.ac.uk",
    "country": "XF"
  },
  {
    "id": "10005967",
    "name": "South & City College Birmingham",
    "legal_name": "South & City College Birmingham",
    "url": "www.sccb.ac.uk",
    "country": "XF"
  },
  {
    "id": "10005977",
    "name": "University Centre South Devon",
    "legal_name": "South Devon College",
    "url": "www.southdevon.ac.uk",
    "country": "XF"
  },
  {
    "id": "10005979",
    "name": "Havant and South Downs College",
    "legal_name": "Havant and South Downs College",
    "url": "https://www.hsdc.ac.uk/",
    "country": "XF"
  },
  {
    "id": "10005981",
    "name": "South Essex College of Further and Higher Education",
    "legal_name": "South Essex College of Further and Higher Education",
    "url": "www.southessex.ac.uk",
    "country": "XF"
  },
  {
    "id": "10005998",
    "name": "The Trafford and Stockport College Group",
    "legal_name": "The Trafford and Stockport College Group",
    "url": "www.trafford.ac.uk",
    "country": "XF"
  },
  {
    "id": "10005999",
    "name": "Tyne Coast College",
    "legal_name": "Tyne Coast College",
    "url": "",
    "country": "XF"
  },
  {
    "id": "10006022",
    "name": "Southampton Solent University",
    "legal_name": "Southampton Solent University",
    "url": "www.solent.ac.uk",
    "country": "XF"
  },
  {
    "id": "10006050",
    "name": "Sparsholt College",
    "legal_name": "Sparsholt College",
    "url": "www.sparsholt.ac.uk",
    "country": "XF"
  },
  {
    "id": "10006174",
    "name": "St Helens College",
    "legal_name": "St Helens College",
    "url": "www.sthelens.ac.uk",
    "country": "XF"
  },
  {
    "id": "10006378",
    "name": "Strode College",
    "legal_name": "Strode College",
    "url": "www.strode-college.ac.uk",
    "country": "XF"
  },
  {
    "id": "10006427",
    "name": "University for the Creative Arts",
    "legal_name": "University for the Creative Arts",
    "url": "www.ucreative.ac.uk",
    "country": "XF"
  },
  {
    "id": "10006442",
    "name": "Birmingham Metropolitan College",
    "legal_name": "Birmingham Metropolitan College",
    "url": "",
    "country": "XF"
  },
  {
    "id": "10006494",
    "name": "Tameside College",
    "legal_name": "Tameside College",
    "url": "www.tameside.ac.uk",
    "country": "XF"
  },
  {
    "id": "10006549",
    "name": "Telford College",
    "legal_name": "Telford College",
    "url": "",
    "country": "XF"
  },
  {
    "id": "10006770",
    "name": "Oldham College",
    "legal_name": "The Oldham College",
    "url": "www.oldham.ac.uk",
    "country": "XF"
  },
  {
    "id": "10006840",
    "name": "University of Birmingham",
    "legal_name": "The University of Birmingham",
    "url": "www.birmingham.ac.uk",
    "country": "XF"
  },
  {
    "id": "10006842",
    "name": "The University of Liverpool",
    "legal_name": "The University of Liverpool",
    "url": "https://www.liverpool.ac.uk",
    "country": "XF"
  },
  {
    "id": "10006963",
    "name": "New City College",
    "legal_name": "New City College",
    "url": "www.ncclondon.ac.uk",
    "country": "XF"
  },
  {
    "id": "10007063",
    "name": "Truro and Penwith College",
    "legal_name": "Truro and Penwith College",
    "url": "https://www.truro-penwith.ac.uk/",
    "country": "XF"
  },
  {
    "id": "10007114",
    "name": "University of the Highlands and Islands",
    "legal_name": "University of the Highlands and Islands",
    "url": "www.uhi.ac.uk",
    "country": "XH"
  },
  {
    "id": "10007137",
    "name": "University of Chichester",
    "legal_name": "The University of Chichester",
    "url": "www.chi.ac.uk",
    "country": "XF"
  },
  {
    "id": "10007138",
    "name": "The University of Northampton",
    "legal_name": "University of Northampton, the",
    "url": "https://www.northampton.ac.uk/apprenticeships/",
    "country": "XF"
  },
  {
    "id": "10007140",
    "name": "Birmingham City University",
    "legal_name": "Birmingham City University",
    "url": "www.bcu.ac.uk",
    "country": "XF"
  },
  {
    "id": "10007141",
    "name": "University of Lancashire",
    "legal_name": "University of Lancashire",
    "url": "www.uclan.ac.uk",
    "country": "XF"
  },
  {
    "id": "10007143",
    "name": "Durham University",
    "legal_name": "University of Durham",
    "url": "www.dur.ac.uk",
    "country": "XF"
  },
  {
    "id": "10007144",
    "name": "The University of East London",
    "legal_name": "University of East London",
    "url": "www.uel.ac.uk",
    "country": "XF"
  },
  {
    "id": "10007145",
    "name": "University of Gloucestershire",
    "legal_name": "University of Gloucestershire",
    "url": "www.glos.ac.uk",
    "country": "XF"
  },
  {
    "id": "10007148",
    "name": "University of Huddersfield",
    "legal_name": "The University of Huddersfield",
    "url": "www.hud.ac.uk",
    "country": "XF"
  },
  {
    "id": "10007149",
    "name": "University of Hull",
    "legal_name": "The University of Hull",
    "url": "www.hull.ac.uk",
    "country": "XF"
  },
  {
    "id": "10007150",
    "name": "The University of Kent",
    "legal_name": "The University of Kent",
    "url": "www.kent.ac.uk",
    "country": "XF"
  },
  {
    "id": "10007151",
    "name": "University of Lincoln",
    "legal_name": "University of Lincoln",
    "url": "www.lincoln.ac.uk",
    "country": "XF"
  },
  {
    "id": "10007152",
    "name": "University of Bedfordshire",
    "legal_name": "University of Bedfordshire",
    "url": "www.beds.ac.uk",
    "country": "XF"
  },
  {
    "id": "10007154",
    "name": "University of Nottingham, the",
    "legal_name": "University of Nottingham, the",
    "url": "www.nottingham.ac.uk",
    "country": "XF"
  },
  {
    "id": "10007155",
    "name": "University of Portsmouth",
    "legal_name": "University of Portsmouth",
    "url": "www.port.ac.uk",
    "country": "XF"
  },
  {
    "id": "10007156",
    "name": "The University of Salford",
    "legal_name": "University of Salford, the",
    "url": "www.salford.ac.uk",
    "country": "XF"
  },
  {
    "id": "10007157",
    "name": "University of Sheffield",
    "legal_name": "The University of Sheffield",
    "url": "www.shef.ac.uk",
    "country": "XF"
  },
  {
    "id": "10007158",
    "name": "University of Southampton",
    "legal_name": "University of Southampton",
    "url": "www.soton.ac.uk",
    "country": "XF"
  },
  {
    "id": "10007160",
    "name": "The University of Surrey",
    "legal_name": "The University of Surrey",
    "url": "www.surrey.ac.uk",
    "country": "XF"
  },
  {
    "id": "10007162",
    "name": "University of the Arts, London",
    "legal_name": "University of the Arts, London",
    "url": "www.arts.ac.uk",
    "country": "XF"
  },
  {
    "id": "10007163",
    "name": "University of Warwick",
    "legal_name": "The University of Warwick",
    "url": "www.warwick.ac.uk",
    "country": "XF"
  },
  {
    "id": "10007164",
    "name": "UWE Bristol",
    "legal_name": "University of the West of England, Bristol",
    "url": "www.uwe.ac.uk",
    "country": "XF"
  },
  {
    "id": "10007165",
    "name": "The University of Westminster",
    "legal_name": "The University of Westminster",
    "url": "www.westminster.ac.uk",
    "country": "XF"
  },
  {
    "id": "10007167",
    "name": "University of York",
    "legal_name": "University of York",
    "url": "www.york.ac.uk",
    "country": "XF"
  },
  {
    "id": "10007289",
    "name": "Heart of Yorkshire Education Group",
    "legal_name": "Heart of Yorkshire Education Group",
    "url": "www.heartofyorkshire.ac.uk",
    "country": "XF"
  },
  {
    "id": "10007361",
    "name": "Waverley Abbey College",
    "legal_name": "Waverley Abbey Trust",
    "url": "www.waverleyabbeycollege.ac.uk",
    "country": "XF"
  },
  {
    "id": "10007417",
    "name": "West Herts College",
    "legal_name": "West Herts College",
    "url": "www.westherts.ac.uk",
    "country": "XF"
  },
  {
    "id": "10007431",
    "name": "West Suffolk College",
    "legal_name": "West Suffolk College",
    "url": "https://www.wsc.ac.uk",
    "country": "XF"
  },
  {
    "id": "10007459",
    "name": "University Centre Weston",
    "legal_name": "Weston College of Further and Higher Education",
    "url": "www.weston.ac.uk",
    "country": "XF"
  },
  {
    "id": "10007469",
    "name": "Weymouth and Kingston Maurward College",
    "legal_name": "Weymouth and Kingston Maurward College",
    "url": "www.weymouth.ac.uk",
    "country": "XF"
  },
  {
    "id": "10007500",
    "name": "Wigan and Leigh College",
    "legal_name": "Wigan and Leigh College",
    "url": "www.wigan-leigh.ac.uk",
    "country": "XF"
  },
  {
    "id": "10007527",
    "name": "Wiltshire College and University Centre",
    "legal_name": "Wiltshire College and University Centre",
    "url": "www.wiltshire.ac.uk",
    "country": "XF"
  },
  {
    "id": "10007553",
    "name": "Wirral Metropolitan College",
    "legal_name": "Wirral Metropolitan College",
    "url": "www.wmc.ac.uk",
    "country": "XF"
  },
  {
    "id": "10007578",
    "name": "City of Wolverhampton College",
    "legal_name": "City of Wolverhampton College",
    "url": "www.wolvcoll.ac.uk",
    "country": "XF"
  },
  {
    "id": "10007798",
    "name": "Xaverian College",
    "legal_name": "Xaverian College",
    "url": "www.xaverian.ac.uk",
    "country": "XF"
  },
  {
    "id": "10007696",
    "name": "Yeovil College",
    "legal_name": "Yeovil College",
    "url": "www.yeovil.ac.uk",
    "country": "XF"
  },
  {
    "id": "10007709",
    "name": "York College",
    "legal_name": "York College",
    "url": "https://www.yorkcollege.ac.uk/",
    "country": "XF"
  },
  {
    "id": "10007713",
    "name": "York St John University",
    "legal_name": "York St John University",
    "url": "www.yorksj.ac.uk",
    "country": "XF"
  },
  {
    "id": "10007759",
    "name": "Aston University",
    "legal_name": "Aston University",
    "url": "www.aston.ac.uk",
    "country": "XF"
  },
  {
    "id": "10007760",
    "name": "Birkbeck, University of London",
    "legal_name": "Birkbeck College",
    "url": "www.bbk.ac.uk",
    "country": "XF"
  },
  {
    "id": "10007761",
    "name": "Courtauld Institute of Art",
    "legal_name": "Courtauld Institute of Art",
    "url": "www.courtauld.ac.uk",
    "country": "XF"
  },
  {
    "id": "10007762",
    "name": "Glasgow Caledonian University",
    "legal_name": "Glasgow Caledonian University",
    "url": "www.gcu.ac.uk",
    "country": "XH"
  },
  {
    "id": "10007764",
    "name": "Heriot-Watt University",
    "legal_name": "Heriot-Watt University",
    "url": "www.hw.ac.uk",
    "country": "XH"
  },
  {
    "id": "10007767",
    "name": "Keele University",
    "legal_name": "University of Keele",
    "url": "www.keele.ac.uk",
    "country": "XF"
  },
  {
    "id": "10007772",
    "name": "Edinburgh Napier University",
    "legal_name": "Edinburgh Napier University",
    "url": "www.napier.ac.uk",
    "country": "XH"
  },
  {
    "id": "10007774",
    "name": "Oxford University",
    "legal_name": "University of Oxford",
    "url": "www.ox.ac.uk",
    "country": "XF"
  },
  {
    "id": "10007775",
    "name": "Queen Mary University of London",
    "legal_name": "Queen Mary University of London",
    "url": "www.qmul.ac.uk",
    "country": "XF"
  },
  {
    "id": "10007776",
    "name": "Roehampton University",
    "legal_name": "Roehampton University",
    "url": "www.roehampton.ac.uk",
    "country": "XF"
  },
  {
    "id": "10007778",
    "name": "Royal College of Music",
    "legal_name": "Royal College of Music",
    "url": "www.rcm.ac.uk",
    "country": "XF"
  },
  {
    "id": "10007779",
    "name": "The Royal Veterinary College",
    "legal_name": "The Royal Veterinary College",
    "url": "www.rvc.ac.uk",
    "country": "XF"
  },
  {
    "id": "10007780",
    "name": "SOAS University of London",
    "legal_name": "School of Oriental and African Studies",
    "url": "www.soas.ac.uk",
    "country": "XF"
  },
  {
    "id": "10007783",
    "name": "University of Aberdeen",
    "legal_name": "University of Aberdeen",
    "url": "www.abdn.ac.uk",
    "country": "XH"
  },
  {
    "id": "10007784",
    "name": "UCL",
    "legal_name": "University College London",
    "url": "www.ucl.ac.uk",
    "country": "XF"
  },
  {
    "id": "10007785",
    "name": "The University of Bradford",
    "legal_name": "The University of Bradford",
    "url": "www.bradford.ac.uk",
    "country": "XF"
  },
  {
    "id": "10007786",
    "name": "University of Bristol",
    "legal_name": "University of Bristol",
    "url": "www.bristol.ac.uk",
    "country": "XF"
  },
  {
    "id": "10007787",
    "name": "University of Buckingham",
    "legal_name": "The University of Buckingham",
    "url": "www.buckingham.ac.uk",
    "country": "XF"
  },
  {
    "id": "10007788",
    "name": "University of Cambridge",
    "legal_name": "University of Cambridge",
    "url": "www.cam.ac.uk",
    "country": "XF"
  },
  {
    "id": "10007789",
    "name": "University of East Anglia",
    "legal_name": "The University of East Anglia",
    "url": "www.uea.ac.uk",
    "country": "XF"
  },
  {
    "id": "10007790",
    "name": "University of Edinburgh",
    "legal_name": "University of Edinburgh",
    "url": "www.ed.ac.uk",
    "country": "XH"
  },
  {
    "id": "10007791",
    "name": "The University of Essex",
    "legal_name": "The University of Essex",
    "url": "www.essex.ac.uk",
    "country": "XF"
  },
  {
    "id": "10007792",
    "name": "University of Exeter",
    "legal_name": "University of Exeter",
    "url": "https://www.exeter.ac.uk/study/degreeapprenticeships/",
    "country": "XF"
  },
  {
    "id": "10007793",
    "name": "University of South Wales/Prifysgol De Cymru",
    "legal_name": "University of South Wales/Prifysgol De Cymru",
    "url": "www.southwales.ac.uk",
    "country": "XI"
  },
  {
    "id": "10007794",
    "name": "University of Glasgow",
    "legal_name": "University of Glasgow",
    "url": "www.gla.ac.uk",
    "country": "XH"
  },
  {
    "id": "10007795",
    "name": "University of Leeds",
    "legal_name": "The University of Leeds",
    "url": "www.leeds.ac.uk",
    "country": "XF"
  },
  {
    "id": "10007796",
    "name": "University of Leicester",
    "legal_name": "The University of Leicester",
    "url": "www.le.ac.uk",
    "country": "XF"
  },
  {
    "id": "10007797",
    "name": "University of London",
    "legal_name": "University of London",
    "url": "www.lon.ac.uk",
    "country": "XF"
  },
  {
    "id": "10007799",
    "name": "Newcastle University",
    "legal_name": "University of Newcastle Upon Tyne",
    "url": "www.ncl.ac.uk",
    "country": "XF"
  },
  {
    "id": "10007800",
    "name": "University of the West of Scotland",
    "legal_name": "University of the West of Scotland",
    "url": "www.uws.ac.uk",
    "country": "XH"
  },
  {
    "id": "10007801",
    "name": "University of Plymouth",
    "legal_name": "University of Plymouth",
    "url": "www.plymouth.ac.uk",
    "country": "XF"
  },
  {
    "id": "10007803",
    "name": "University of St Andrews",
    "legal_name": "University of St Andrews",
    "url": "www.st-andrews.ac.uk",
    "country": "XH"
  },
  {
    "id": "10007804",
    "name": "University of Stirling",
    "legal_name": "University of Stirling",
    "url": "www.stir.ac.uk",
    "country": "XH"
  },
  {
    "id": "10007805",
    "name": "University of Strathclyde",
    "legal_name": "University of Strathclyde",
    "url": "www.strath.ac.uk",
    "country": "XH"
  },
  {
    "id": "10007806",
    "name": "University of Sussex",
    "legal_name": "University of Sussex",
    "url": "www.sussex.ac.uk",
    "country": "XF"
  },
  {
    "id": "10007807",
    "name": "Ulster University",
    "legal_name": "University of Ulster",
    "url": "www.ulster.ac.uk",
    "country": "XG"
  },
  {
    "id": "10007810",
    "name": "Birmingham Christian College",
    "legal_name": "Birmingham Christian College",
    "url": "www.bccoll.uk",
    "country": "XF"
  },
  {
    "id": "10007811",
    "name": "Lincoln Bishop University",
    "legal_name": "Lincoln Bishop University",
    "url": "www.lincolnbishop.ac.uk",
    "country": "XF"
  },
  {
    "id": "10007812",
    "name": "University of London institute in Paris",
    "legal_name": "University of London institute in Paris",
    "url": "www.ulip.london.ac.uk",
    "country": "XF"
  },
  {
    "id": "10007814",
    "name": "Cardiff University",
    "legal_name": "Cardiff University",
    "url": "www.cardiff.ac.uk",
    "country": "XI"
  },
  {
    "id": "10007816",
    "name": "The Royal Central School of Speech and Drama",
    "legal_name": "The Royal Central School of Speech and Drama",
    "url": "www.cssd.ac.uk",
    "country": "XF"
  },
  {
    "id": "10007817",
    "name": "Chichester College Group",
    "legal_name": "Chichester College Group",
    "url": "www.chichester.ac.uk",
    "country": "XF"
  },
  {
    "id": "10007820",
    "name": "Coleg Llandrillo",
    "legal_name": "Grwp Llandrillo Menai",
    "url": "www.gllm.ac.uk",
    "country": "XI"
  },
  {
    "id": "10007823",
    "name": "Edge Hill University",
    "legal_name": "Edge Hill University",
    "url": "www.edgehill.ac.uk",
    "country": "XF"
  },
  {
    "id": "10007825",
    "name": "Guildhall School of Music & Drama",
    "legal_name": "Guildhall School of Music & Drama",
    "url": "www.gsmd.ac.uk",
    "country": "XF"
  },
  {
    "id": "10007832",
    "name": "Birmingham Newman University",
    "legal_name": "Birmingham Newman University",
    "url": "www.newman.ac.uk",
    "country": "XF"
  },
  {
    "id": "10007833",
    "name": "Glyndwr University",
    "legal_name": "Glyndwr University",
    "url": "www.glyndwr.ac.uk",
    "country": "XI"
  },
  {
    "id": "10007858",
    "name": "Pembrokeshire College",
    "legal_name": "Pembrokeshire College",
    "url": "www.pembrokeshire.ac.uk",
    "country": "XI"
  },
  {
    "id": "10007835",
    "name": "The Royal Academy of Music",
    "legal_name": "The Royal Academy of Music",
    "url": "www.ram.ac.uk",
    "country": "XF"
  },
  {
    "id": "10007837",
    "name": "Royal Northern College of Music",
    "legal_name": "Royal Northern College of Music",
    "url": "www.rncm.ac.uk",
    "country": "XF"
  },
  {
    "id": "10035638",
    "name": "SAE Institute Ltd",
    "legal_name": "Sae Education Limited",
    "url": "www.sae.edu",
    "country": "XF"
  },
  {
    "id": "10007842",
    "name": "The University of Cumbria",
    "legal_name": "The University of Cumbria",
    "url": "www.cumbria.ac.uk",
    "country": "XF"
  },
  {
    "id": "10007848",
    "name": "University of Chester",
    "legal_name": "University of Chester",
    "url": "www.chester.ac.uk",
    "country": "XF"
  },
  {
    "id": "10007849",
    "name": "Abertay University",
    "legal_name": "Abertay University",
    "url": "www.abertay.ac.uk",
    "country": "XH"
  },
  {
    "id": "10007850",
    "name": "University of Bath",
    "legal_name": "The University of Bath",
    "url": "www.bath.ac.uk",
    "country": "XF"
  },
  {
    "id": "10007851",
    "name": "University of Derby",
    "legal_name": "University of Derby",
    "url": "www.derby.ac.uk",
    "country": "XF"
  },
  {
    "id": "10007852",
    "name": "University of Dundee",
    "legal_name": "University of Dundee",
    "url": "www.dundee.ac.uk",
    "country": "XH"
  },
  {
    "id": "10007854",
    "name": "Cardiff Metropolitan University",
    "legal_name": "Cardiff Metropolitan University",
    "url": "www.cardiffmet.ac.uk",
    "country": "XI"
  },
  {
    "id": "10007855",
    "name": "Swansea University",
    "legal_name": "Swansea University",
    "url": "www.swan.ac.uk",
    "country": "XI"
  },
  {
    "id": "10007856",
    "name": "Aberystwyth University",
    "legal_name": "Prifysgol Aberystwyth",
    "url": "www.aber.ac.uk",
    "country": "XI"
  },
  {
    "id": "10007857",
    "name": "Bangor University",
    "legal_name": "Bangor University",
    "url": "www.bangor.ac.uk",
    "country": "XI"
  },
  {
    "id": "10007859",
    "name": "WCG",
    "legal_name": "Warwickshire College",
    "url": "https://wcg.ac.uk",
    "country": "XF"
  },
  {
    "id": "10007912",
    "name": "Cliff College",
    "legal_name": "Cliff College",
    "url": "www.cliffcollege.ac.uk",
    "country": "XF"
  },
  {
    "id": "10007928",
    "name": "South Hampshire College Group",
    "legal_name": "South Hampshire College Group",
    "url": "www.shcg.ac.uk",
    "country": "XF"
  },
  {
    "id": "10007938",
    "name": "Tec Partnership",
    "legal_name": "Tec Partnership",
    "url": "https://tecpartnership.com",
    "country": "XF"
  },
  {
    "id": "10008010",
    "name": "Stranmillis University College",
    "legal_name": "Stranmillis University College",
    "url": "www.stran.ac.uk",
    "country": "XG"
  },
  {
    "id": "10008017",
    "name": "Trinity Laban Conservatoire of Music and Dance",
    "legal_name": "Trinity Laban Conservatoire of Music and Dance",
    "url": "www.trinitylaban.ac.uk",
    "country": "XF"
  },
  {
    "id": "10008026",
    "name": "St Mary's University College",
    "legal_name": "St Mary's University College",
    "url": "www.stmarys-belfast.ac.uk",
    "country": "XG"
  },
  {
    "id": "10008071",
    "name": "AA School of Architecture",
    "legal_name": "Architectural Association (Incorporated)",
    "url": "www.aaschool.ac.uk",
    "country": "XF"
  },
  {
    "id": "10008173",
    "name": "University College of Estate Management",
    "legal_name": "University College of Estate Management",
    "url": "www.ucem.ac.uk",
    "country": "XF"
  },
  {
    "id": "10008397",
    "name": "Norland College",
    "legal_name": "Norland College Limited",
    "url": "www.norland.co.uk",
    "country": "XF"
  },
  {
    "id": "10008455",
    "name": "Rtc Education Ltd",
    "legal_name": "Rtc Education Ltd",
    "url": "www.regentgroup.org.uk",
    "country": "XF"
  },
  {
    "id": "10008640",
    "name": "Falmouth University",
    "legal_name": "Falmouth University",
    "url": "www.falmouth.ac.uk",
    "country": "XF"
  },
  {
    "id": "10008816",
    "name": "Northern School of Contemporary Dance",
    "legal_name": "Northern School of Contemporary Dance",
    "url": "www.nscd.ac.uk",
    "country": "XF"
  },
  {
    "id": "10008912",
    "name": "Coleg Gwent",
    "legal_name": "Coleg Gwent",
    "url": "www.coleggwent.ac.uk",
    "country": "XI"
  },
  {
    "id": "10009292",
    "name": "Royal Academy of Dramatic Art",
    "legal_name": "Royal Academy of Dramatic Art",
    "url": "www.rada.org",
    "country": "XF"
  },
  {
    "id": "10009527",
    "name": "Istituto Marangoni Limited",
    "legal_name": "Istituto Marangoni Limited",
    "url": "www.istitutomarangoni.com",
    "country": "XF"
  },
  {
    "id": "10009612",
    "name": "Luther King House Educational Trust",
    "legal_name": "Luther King House Educational Trust",
    "url": "www.lutherkinghouse.org.uk",
    "country": "XF"
  },
  {
    "id": "10009614",
    "name": "Grwp NPTC Group",
    "legal_name": "Neath Port Talbot College",
    "url": "www.nptcgroup.ac.uk",
    "country": "XI"
  },
  {
    "id": "10010213",
    "name": "The City College",
    "legal_name": "Inter-Ed Uk Limited",
    "url": "www.citycollege.ac.uk",
    "country": "XF"
  },
  {
    "id": "10010308",
    "name": "Cambridge School of Visual and Performing Arts",
    "legal_name": "Cambridge Arts & Sciences Limited",
    "url": "www.csvpa.com",
    "country": "XF"
  },
  {
    "id": "10013109",
    "name": "London Bridge Business Academy",
    "legal_name": "London Bridge Business Academy Limited",
    "url": "",
    "country": "XF"
  },
  {
    "id": "10013220",
    "name": "Institute of Art - London Limited",
    "legal_name": "Institute of Art - London Limited",
    "url": "",
    "country": "XF"
  },
  {
    "id": "10015506",
    "name": "The London College",
    "legal_name": "Uck Limited",
    "url": "www.lcuck.ac.uk",
    "country": "XF"
  },
  {
    "id": "10015688",
    "name": "David Game College Ltd",
    "legal_name": "David Game College Ltd",
    "url": "",
    "country": "XF"
  },
  {
    "id": "10019178",
    "name": "Point Blank Music School",
    "legal_name": "Point Blank Limited",
    "url": "www.pointblankmusicschool.com",
    "country": "XF"
  },
  {
    "id": "10019368",
    "name": "London College of Business Studies",
    "legal_name": "London College of Business Studies",
    "url": "www.lcbs.co.uk",
    "country": "XF"
  },
  {
    "id": "10020038",
    "name": "Commonwealth College of Excellence Ltd",
    "legal_name": "Commonwealth College of Excellence Ltd",
    "url": "",
    "country": "XF"
  },
  {
    "id": "10020118",
    "name": "Higher Rhythm",
    "legal_name": "Higher Rhythm Limited",
    "url": "www.higherrhythm.co.uk",
    "country": "XF"
  },
  {
    "id": "10020416",
    "name": "Assemblies of God Incorporated",
    "legal_name": "Assemblies of God Incorporated",
    "url": "www.missiodei.ac.uk",
    "country": "XF"
  },
  {
    "id": "10021100",
    "name": "Regents Theological College",
    "legal_name": "Elim Foursquare Gospel Alliance",
    "url": "www.regents-tc.ac.uk",
    "country": "XF"
  },
  {
    "id": "10021550",
    "name": "Centre for Alternative Technology",
    "legal_name": "Centre for Alternative Technology Charity Limited",
    "url": "www.cat.org.uk",
    "country": "XI"
  },
  {
    "id": "10021682",
    "name": "University of Essex Online",
    "legal_name": "Kaplan Open Learning (Essex) Limited",
    "url": "www.online.essex.ac.uk",
    "country": "XF"
  },
  {
    "id": "10022047",
    "name": "Empire College London Limited",
    "legal_name": "Empire College London Limited",
    "url": "www.ecl.ac",
    "country": "XF"
  },
  {
    "id": "10022087",
    "name": "Futureworks",
    "legal_name": "Futureworks Training Limited",
    "url": "futureworks.ac.uk",
    "country": "XF"
  },
  {
    "id": "10022285",
    "name": "London School of Management Education",
    "legal_name": "London School of Management Education Limited",
    "url": "www.lsme.ac.uk",
    "country": "XF"
  },
  {
    "id": "10022944",
    "name": "Stratford College London Limited",
    "legal_name": "Stratford College London Limited",
    "url": "",
    "country": "XF"
  },
  {
    "id": "10023139",
    "name": "The Manchester College",
    "legal_name": "Lte Group",
    "url": "www.themanchestercollege.ac.uk",
    "country": "XF"
  },
  {
    "id": "10023442",
    "name": "The College of Osteopaths",
    "legal_name": "The College of Osteopaths",
    "url": "www.collegeofosteopaths.ac.uk",
    "country": "XF"
  },
  {
    "id": "10023452",
    "name": "The Markfield Institute of Higher Education",
    "legal_name": "The Markfield Institute of Higher Education",
    "url": "www.mihe.org.uk",
    "country": "XF"
  },
  {
    "id": "10023453",
    "name": "Matrix College of Counselling and Psychotherapy Ltd",
    "legal_name": "Matrix College of Counselling and Psychotherapy Ltd",
    "url": "www.matrix.ac.uk",
    "country": "XF"
  },
  {
    "id": "10023454",
    "name": "Moorlands College",
    "legal_name": "Moorlands College",
    "url": "www.moorlands.ac.uk",
    "country": "XF"
  },
  {
    "id": "10023456",
    "name": "Newbold College",
    "legal_name": "Newbold College",
    "url": "",
    "country": "XF"
  },
  {
    "id": "10023458",
    "name": "The Sherwood Institute",
    "legal_name": "The Sherwood Psychotherapy Training Institute Limited",
    "url": "www.spti.net",
    "country": "XF"
  },
  {
    "id": "10023464",
    "name": "Trinity College Bristol",
    "legal_name": "Trinity College (Bristol) Limited",
    "url": "www.trinity-bris.ac.uk",
    "country": "XF"
  },
  {
    "id": "10023777",
    "name": "Mont Rose College of Management and Sciences Limited",
    "legal_name": "Mont Rose College of Management and Sciences Limited",
    "url": "www.mrcollege.ac.uk",
    "country": "XF"
  },
  {
    "id": "10023871",
    "name": "Results Consortium Limited",
    "legal_name": "Results Consortium Limited",
    "url": "www.resultsco.org.uk",
    "country": "XF"
  },
  {
    "id": "10024024",
    "name": "Central Film School London",
    "legal_name": "Central Film School London Ltd",
    "url": "www.centralfilmschool.com",
    "country": "XF"
  },
  {
    "id": "10024962",
    "name": "Luminate Education Group",
    "legal_name": "Luminate Education Group",
    "url": "www.leedscitycollege.ac.uk",
    "country": "XF"
  },
  {
    "id": "10025197",
    "name": "University Centre Quayside (UCQ)",
    "legal_name": "University Centre Quayside Limited",
    "url": "www.ucq.ac.uk",
    "country": "XF"
  },
  {
    "id": "10026921",
    "name": "Christ the Redeemer College",
    "legal_name": "Christ the Redeemer College",
    "url": "www.christredeemer.ac.uk",
    "country": "XF"
  },
  {
    "id": "10027603",
    "name": "International College of Musical Theatre - The ICMT",
    "legal_name": "Stageworks Productions Limited",
    "url": "",
    "country": "XF"
  },
  {
    "id": "10029147",
    "name": "The London School of Jewish Studies",
    "legal_name": "The London School of Jewish Studies",
    "url": "",
    "country": "XF"
  },
  {
    "id": "10029682",
    "name": "The Islamic College",
    "legal_name": "Irshad Trust",
    "url": "www.islamic-college.ac.uk",
    "country": "XF"
  },
  {
    "id": "10030129",
    "name": "Nelson College London Limited",
    "legal_name": "Nelson College London Limited",
    "url": "www.nelsoncollege.ac.uk",
    "country": "XF"
  },
  {
    "id": "10030391",
    "name": "London Churchill College",
    "legal_name": "London Churchill College Ltd",
    "url": "www.londonchurchillcollege.ac.uk",
    "country": "XF"
  },
  {
    "id": "10030497",
    "name": "Anglo Skills College Limited",
    "legal_name": "Anglo Skills College Limited",
    "url": "",
    "country": "XF"
  },
  {
    "id": "10030776",
    "name": "St Mellitus College",
    "legal_name": "St Mellitus College Trust",
    "url": "www.stmellitus.ac.uk",
    "country": "XF"
  },
  {
    "id": "10031239",
    "name": "LMA",
    "legal_name": "Liverpool Media Academy Limited",
    "url": "www.lma.ac.uk",
    "country": "XF"
  },
  {
    "id": "10031982",
    "name": "BPP University",
    "legal_name": "Bpp University Limited",
    "url": "www.bppuniversity.ac.uk",
    "country": "XF"
  },
  {
    "id": "10032036",
    "name": "Amity Global Education Ltd",
    "legal_name": "Amity Global Education Ltd",
    "url": "www.amitylondon.org.uk",
    "country": "XF"
  },
  {
    "id": "10032072",
    "name": "The Cambridge theological Federation",
    "legal_name": "The Cambridge theological Federation",
    "url": "www.theofed.cam.ac.uk",
    "country": "XF"
  },
  {
    "id": "10032282",
    "name": "The Queen's Foundation for Ecumenical theological Education",
    "legal_name": "The Queen's Foundation for Ecumenical theological Education",
    "url": "www.queens.ac.uk",
    "country": "XF"
  },
  {
    "id": "10032288",
    "name": "West Dean College",
    "legal_name": "The Edward James Foundation Limited",
    "url": "www.westdean.org.uk",
    "country": "XF"
  },
  {
    "id": "10032295",
    "name": "Emmanuel Theological College",
    "legal_name": "Emmanuel Theological College",
    "url": "www.emmanueltheologicalcollege.org.uk",
    "country": "XF"
  },
  {
    "id": "10032594",
    "name": "London School of Academics Ltd",
    "legal_name": "London School of Academics Ltd",
    "url": "www.londonschoolofacademics.com",
    "country": "XF"
  },
  {
    "id": "10034324",
    "name": "Court Theatre Training Company Ltd",
    "legal_name": "Court Theatre Training Company Ltd",
    "url": "http://www.courttheatre.org.uk",
    "country": "XF"
  },
  {
    "id": "10034449",
    "name": "Leeds Conservatoire",
    "legal_name": "Leeds Conservatoire",
    "url": "www.lcm.ac.uk",
    "country": "XF"
  },
  {
    "id": "10034450",
    "name": "Cardiff and Vale College",
    "legal_name": "Cardiff and Vale College",
    "url": "www.cavc.ac.uk",
    "country": "XI"
  },
  {
    "id": "10036143",
    "name": "South Gloucestershire and Stroud College",
    "legal_name": "South Gloucestershire and Stroud College",
    "url": "",
    "country": "XF"
  },
  {
    "id": "10036456",
    "name": "Academy of Live Technology Ltd",
    "legal_name": "Academy of Live Technology Ltd",
    "url": "",
    "country": "XF"
  },
  {
    "id": "10037449",
    "name": "Plymouth Marjon University",
    "legal_name": "University of St Mark & St John",
    "url": "www.marjon.ac.uk",
    "country": "XF"
  },
  {
    "id": "10037544",
    "name": "BIMM University",
    "legal_name": "Bimm University Limited",
    "url": "www.bimm.ac.uk",
    "country": "XF"
  },
  {
    "id": "10038772",
    "name": "British Academy of Jewellery",
    "legal_name": "British Academy of Jewellery Limited",
    "url": "",
    "country": "XF"
  },
  {
    "id": "10039082",
    "name": "City and Guilds of London Art School",
    "legal_name": "City and Guilds of London Art School Limited",
    "url": "www.cityandguildsartschool.ac.uk",
    "country": "XF"
  },
  {
    "id": "10039956",
    "name": "The University of Law",
    "legal_name": "The University of Law Limited",
    "url": "www.law.ac.uk",
    "country": "XF"
  },
  {
    "id": "10040812",
    "name": "Harper Adams University",
    "legal_name": "Harper Adams University",
    "url": "www.harper-adams.ac.uk",
    "country": "XF"
  },
  {
    "id": "10041295",
    "name": "Coleg Cambria",
    "legal_name": "Coleg Cambria",
    "url": "www.cambria.ac.uk",
    "country": "XI"
  },
  {
    "id": "10041898",
    "name": "Apex College",
    "legal_name": "Hy Education Limited",
    "url": "www.apexcollege.ac.uk",
    "country": "XF"
  },
  {
    "id": "10042500",
    "name": "Global Banking School Limited",
    "legal_name": "Global Banking School Limited",
    "url": "",
    "country": "XF"
  },
  {
    "id": "10042570",
    "name": "Escape Studios",
    "legal_name": "Aap Education Limited",
    "url": "www.escapestudios.ac.uk",
    "country": "XF"
  },
  {
    "id": "10042679",
    "name": "International Business College Manchester Ltd",
    "legal_name": "International Business College Manchester Limited",
    "url": "www.internationalbusinesscollege.co.uk",
    "country": "XF"
  },
  {
    "id": "10042737",
    "name": "Uk Business College Ltd",
    "legal_name": "Uk Business College Ltd",
    "url": "",
    "country": "XF"
  },
  {
    "id": "10045476",
    "name": "Met Film School Limited",
    "legal_name": "Met Film School Limited",
    "url": "",
    "country": "XF"
  },
  {
    "id": "10048199",
    "name": "Northeastern University London",
    "legal_name": "Northeastern University - London",
    "url": "www.nulondon.ac.uk",
    "country": "XF"
  },
  {
    "id": "10080811",
    "name": "The British Racing School",
    "legal_name": "Brs Education Limited",
    "url": "",
    "country": "XF"
  },
  {
    "id": "10057622",
    "name": "The School of Information Risk Management",
    "legal_name": "Numerica Risk Management and Consulting Ltd",
    "url": "www.sirm.ac.uk",
    "country": "XF"
  },
  {
    "id": "10062833",
    "name": "Raindance",
    "legal_name": "Raindance Educational Services Limited",
    "url": "www.raindance.org",
    "country": "XF"
  },
  {
    "id": "10065543",
    "name": "London Brookes College",
    "legal_name": "London Brookes College",
    "url": "www.londonbrookescollege.co.uk",
    "country": "XF"
  },
  {
    "id": "10066143",
    "name": "Universite Paris Dauphine London campus",
    "legal_name": "Paris Dauphine International",
    "url": "",
    "country": "XF"
  },
  {
    "id": "10066502",
    "name": "The McTimoney College of Chiropractic",
    "legal_name": "The College of Health Ltd",
    "url": "",
    "country": "XF"
  },
  {
    "id": "10067355",
    "name": "Dyson Institute of Engineering and Technology",
    "legal_name": "Dyson Technical Training Limited",
    "url": "",
    "country": "XF"
  },
  {
    "id": "10067406",
    "name": "New Model Institute for Technology and Engineering",
    "legal_name": "New Model Institute for Technology and Engineering",
    "url": "",
    "country": "XF"
  },
  {
    "id": "10067601",
    "name": "JCA | London Fashion Academy",
    "legal_name": "Jsa Education Group Ltd.",
    "url": "www.jca.ac.uk",
    "country": "XF"
  },
  {
    "id": "10067623",
    "name": "London Interdisciplinary School",
    "legal_name": "The London Interdisciplinary School Ltd",
    "url": "www.t-lis.org",
    "country": "XF"
  },
  {
    "id": "10067853",
    "name": "ACM",
    "legal_name": "Acm Guildford Limited",
    "url": "",
    "country": "XF"
  },
  {
    "id": "10068157",
    "name": "University Centre Peterborough",
    "legal_name": "University Centre Peterborough",
    "url": "",
    "country": "XF"
  },
  {
    "id": "10083403",
    "name": "The Engineering and Design Institute London",
    "legal_name": "The Engineering and Design Institute London",
    "url": "",
    "country": "XF"
  },
  {
    "id": "10086359",
    "name": "Caspian School of Academics",
    "legal_name": "Caspian School of Academics Ltd",
    "url": "",
    "country": "XF"
  },
  {
    "id": "10086591",
    "name": "Regent's University",
    "legal_name": "Regent's University London Limited",
    "url": "",
    "country": "XF"
  },
  {
    "id": "10088214",
    "name": "S P Jain London School of Management Limited",
    "legal_name": "S P Jain London School of Management Limited",
    "url": "",
    "country": "XF"
  },
  {
    "id": "10090767",
    "name": "St Padarn's",
    "legal_name": "Representative Body of the Church in Wales",
    "url": "",
    "country": "XI"
  },
  {
    "id": "10091065",
    "name": "Collective Acting Studio Ltd",
    "legal_name": "Collective Acting Studio Ltd",
    "url": "",
    "country": "XF"
  },
  {
    "id": "10092025",
    "name": "ACMET LONDON COLLEGE",
    "legal_name": "Acmet Uk Ltd",
    "url": "",
    "country": "XF"
  },
  {
    "id": "90000451",
    "name": "Harper and Keele Veterinary School",
    "legal_name": "Harper and Keele Veterinary School",
    "url": "https://www.harperkeelevetschool.ac.uk/",
    "country": "XF"
  },
  {
    "id": "99999997",
    "name": "Medway School of Pharmacy",
    "legal_name": "Medway School of Pharmacy",
    "url": "https://msp.ac.uk/",
    "country": "XF"
  },
  {
    "id": "99999998",
    "name": "Hull York Medical School",
    "legal_name": "Hull York Medical School",
    "url": "www.hyms.ac.uk",
    "country": "XF"
  },
  {
    "id": "99999999",
    "name": "Brighton and Sussex Medical School",
    "legal_name": "Brighton and Sussex Medical School",
    "url": "https://www.bsms.ac.uk/index.aspx",
    "country": "XF"
  }
]